{"nm":"Comp 1","ddd":0,"h":1000,"w":1000,"meta":{"g":"@lottiefiles/toolkit-js 0.33.2"},"layers":[{"ty":3,"nm":"NULL CONTROL 2","sr":1,"st":0,"op":302.000012300712,"ip":0,"hd":false,"ddd":0,"bm":0,"hasMask":false,"ao":0,"ks":{"a":{"a":0,"k":[60,60,0],"ix":1},"s":{"a":0,"k":[100,100,100],"ix":6},"sk":{"a":0,"k":0},"p":{"a":1,"k":[{"o":{"x":0.6,"y":0},"i":{"x":0.4,"y":1},"s":[486.311,425.311,0],"t":44,"ti":[0.33333334326744,-0.5,0],"to":[-23.8333339691162,8.5,0]},{"o":{"x":0.167,"y":0.167},"i":{"x":0.833,"y":0.833},"s":[466.311,425.311,0],"t":55,"ti":[0,0,0],"to":[0,0,0]},{"o":{"x":0.6,"y":0},"i":{"x":0.4,"y":1},"s":[466.311,425.311,0],"t":70,"ti":[6.08333349227905,10,0],"to":[-5.08333349227905,13.25,0]},{"o":{"x":0.167,"y":0.167},"i":{"x":0.833,"y":0.833},"s":[506.311,425.311,0],"t":87,"ti":[0,0,0],"to":[0,0,0]},{"o":{"x":0.6,"y":0},"i":{"x":0.4,"y":1},"s":[506.311,425.311,0],"t":99,"ti":[4.22506141662598,2.75,0],"to":[-13.4207715988159,6.8125,0]},{"s":[486.311,425.311,0],"t":110.000004480392}],"ix":2},"r":{"a":0,"k":45,"ix":10},"sa":{"a":0,"k":0},"o":{"a":0,"k":0,"ix":11}},"ef":[],"ind":1},{"ty":3,"nm":"NULL CONTROL","sr":1,"st":0,"op":302.000012300712,"ip":0,"hd":false,"ddd":0,"bm":0,"hasMask":false,"ao":0,"ks":{"a":{"a":0,"k":[60,60,0],"ix":1},"s":{"a":0,"k":[100,100,100],"ix":6},"sk":{"a":0,"k":0},"p":{"a":0,"k":[60,60,0],"ix":2},"r":{"a":1,"k":[{"o":{"x":0.167,"y":0.167},"i":{"x":0.833,"y":0.833},"s":[-405],"t":14},{"o":{"x":0.167,"y":0.167},"i":{"x":0.833,"y":0.833},"s":[0],"t":39},{"o":{"x":0.167,"y":0.167},"i":{"x":0.833,"y":0.833},"s":[2],"t":120},{"s":[405],"t":146.000005946702}],"ix":10},"sa":{"a":0,"k":0},"o":{"a":0,"k":0,"ix":11}},"ef":[],"ind":2,"parent":1},{"ty":4,"nm":"pupil","sr":1,"st":0,"op":302.000012300712,"ip":0,"hd":false,"ddd":0,"bm":0,"hasMask":false,"ao":0,"ks":{"a":{"a":0,"k":[-11.689,-70.689,0],"ix":1},"s":{"a":1,"k":[{"o":{"x":0.297,"y":0},"i":{"x":0.657,"y":0.764},"s":[0,0,100],"t":14},{"o":{"x":0.167,"y":0.167},"i":{"x":0.833,"y":0.833},"s":[125,125,100],"t":23},{"o":{"x":0.167,"y":0.167},"i":{"x":0.833,"y":0.833},"s":[125,125,100],"t":28},{"o":{"x":0.344,"y":0},"i":{"x":0.674,"y":1},"s":[125,125,100],"t":45},{"o":{"x":0.167,"y":0.167},"i":{"x":0.833,"y":0.833},"s":[80,80,100],"t":55},{"o":{"x":0.334,"y":0},"i":{"x":0.667,"y":0.994},"s":[80,80,100],"t":74},{"o":{"x":0.335,"y":-0.017},"i":{"x":0.668,"y":0.97},"s":[125,125,100],"t":79},{"o":{"x":0.167,"y":0.167},"i":{"x":0.833,"y":0.833},"s":[100,100,100],"t":87},{"o":{"x":0.342,"y":0},"i":{"x":0.667,"y":1},"s":[100,100,100],"t":101},{"o":{"x":0.167,"y":0.167},"i":{"x":0.833,"y":0.833},"s":[125,125,100],"t":109},{"o":{"x":0.167,"y":0.167},"i":{"x":0.833,"y":0.833},"s":[125,125,100],"t":131},{"o":{"x":0.352,"y":0},"i":{"x":0.7,"y":1},"s":[125,125,100],"t":136},{"s":[0,0,100],"t":146.000005946702}],"ix":6},"sk":{"a":0,"k":0},"p":{"a":1,"k":[{"o":{"x":0.6,"y":0},"i":{"x":0.4,"y":1},"s":[60,75,0],"t":14,"ti":[2.31213903427124,-2.40106749534607,0],"to":[0,-1.66666662693024,0]},{"h":1,"o":{"x":0.167,"y":0.167},"i":{"x":0.833,"y":0.833},"s":[60,60,0],"t":39},{"o":{"x":0.6,"y":0},"i":{"x":0.4,"y":1},"s":[60,60,0],"t":44,"ti":[0,0,0],"to":[-8.33333301544189,8.25,0]},{"h":1,"o":{"x":0.167,"y":0.167},"i":{"x":0.833,"y":0.833},"s":[40,60,0],"t":55},{"o":{"x":0.6,"y":0},"i":{"x":0.4,"y":1},"s":[40,60,0],"t":70,"ti":[0,0,0],"to":[20.3361396789551,26.2556209564209,0]},{"o":{"x":0.167,"y":0.167},"i":{"x":0.833,"y":0.833},"s":[80,60,0],"t":87,"ti":[0,0,0],"to":[0,0,0]},{"o":{"x":0.6,"y":0},"i":{"x":0.4,"y":1},"s":[80,60,0],"t":99,"ti":[11.5833330154419,12.25,0],"to":[0,0,0]},{"h":1,"o":{"x":0.167,"y":0.167},"i":{"x":0.833,"y":0.833},"s":[60,60,0],"t":110},{"o":{"x":0.6,"y":0},"i":{"x":0.4,"y":1},"s":[60,60,0],"t":120,"ti":[0,1.66666662693024,0],"to":[-3.33333325386047,0,0]},{"s":[60,75,0],"t":139.000005661586}],"ix":2},"r":{"a":0,"k":0,"ix":10},"sa":{"a":0,"k":0},"o":{"a":0,"k":100,"ix":11}},"ef":[],"shapes":[{"ty":"gr","bm":0,"hd":false,"mn":"ADBE Vector Group","nm":"Ellipse 1","ix":1,"cix":2,"np":3,"it":[{"ty":"el","bm":0,"hd":false,"mn":"ADBE Vector Shape - Ellipse","nm":"Ellipse Path 1","d":1,"p":{"a":0,"k":[0,0],"ix":3},"s":{"a":0,"k":[18.621,18.621],"ix":2}},{"ty":"st","bm":0,"hd":false,"mn":"ADBE Vector Graphic - Stroke","nm":"Stroke 1","lc":1,"lj":1,"ml":4,"o":{"a":0,"k":100,"ix":4},"w":{"a":0,"k":0,"ix":5},"c":{"a":0,"k":[1,1,1],"ix":3}},{"ty":"fl","bm":0,"hd":false,"mn":"ADBE Vector Graphic - Fill","nm":"Fill 1","c":{"a":0,"k":[0,0,0],"ix":4},"r":1,"o":{"a":0,"k":100,"ix":5}},{"ty":"tr","a":{"a":0,"k":[0,0],"ix":1},"s":{"a":0,"k":[100,100],"ix":3},"sk":{"a":0,"k":0,"ix":4},"p":{"a":0,"k":[-11.689,-70.689],"ix":2},"r":{"a":0,"k":0,"ix":6},"sa":{"a":0,"k":0,"ix":5},"o":{"a":0,"k":100,"ix":7}}]}],"ind":3,"parent":2},{"ty":4,"nm":"eye","sr":1,"st":0,"op":302.000012300712,"ip":0,"hd":false,"ddd":0,"bm":0,"hasMask":false,"ao":0,"ks":{"a":{"a":0,"k":[25.25,25.25,0],"ix":1},"s":{"a":1,"k":[{"o":{"x":0.297,"y":0},"i":{"x":0.657,"y":0.705},"s":[100,100,100],"t":14},{"o":{"x":0.352,"y":-0.561},"i":{"x":0.695,"y":1},"s":[150,150,100],"t":23},{"o":{"x":0.167,"y":0.167},"i":{"x":0.833,"y":0.833},"s":[135,135,100],"t":28},{"o":{"x":0.3,"y":0},"i":{"x":0.657,"y":1},"s":[135,135,100],"t":131},{"o":{"x":0.352,"y":0},"i":{"x":0.7,"y":1},"s":[150,150,100],"t":135},{"s":[100,100,100],"t":146.000005946702}],"ix":6},"sk":{"a":0,"k":0},"p":{"a":0,"k":[61.189,59.689,0],"ix":2},"r":{"a":0,"k":0,"ix":10},"sa":{"a":0,"k":0},"o":{"a":0,"k":100,"ix":11}},"ef":[{"ty":5,"mn":"ADBE Slider Control","nm":"Scale - Overshoot","ix":1,"en":1,"ef":[{"ty":0,"mn":"ADBE Slider Control-0001","nm":"Slider","ix":1,"v":{"a":0,"k":20,"ix":1}}]},{"ty":5,"mn":"ADBE Slider Control","nm":"Scale - Bounce","ix":2,"en":1,"ef":[{"ty":0,"mn":"ADBE Slider Control-0001","nm":"Slider","ix":1,"v":{"a":0,"k":40,"ix":1}}]},{"ty":5,"mn":"ADBE Slider Control","nm":"Scale - Friction","ix":3,"en":1,"ef":[{"ty":0,"mn":"ADBE Slider Control-0001","nm":"Slider","ix":1,"v":{"a":0,"k":40,"ix":1}}]}],"shapes":[{"ty":"gr","bm":0,"hd":false,"mn":"ADBE Vector Group","nm":"Group 1","ix":1,"cix":2,"np":2,"it":[{"ty":"sh","bm":0,"hd":false,"mn":"ADBE Vector Shape - Group","nm":"Path 1","ix":1,"d":1,"ks":{"a":0,"k":{"c":true,"i":[[-13.807,0],[0,13.807],[13.807,0],[0,-13.807]],"o":[[13.807,0],[0,-13.807],[-13.807,0],[0,13.807]],"v":[[0,25],[25,0],[0,-25],[-25,0]]},"ix":2}},{"ty":"fl","bm":0,"hd":false,"mn":"ADBE Vector Graphic - Fill","nm":"Fill 1","c":{"a":0,"k":[1,1,1],"ix":4},"r":1,"o":{"a":0,"k":100,"ix":5}},{"ty":"tr","a":{"a":0,"k":[0,0],"ix":1},"s":{"a":0,"k":[100,100],"ix":3},"sk":{"a":0,"k":0,"ix":4},"p":{"a":0,"k":[25.25,25.25],"ix":2},"r":{"a":0,"k":0,"ix":6},"sa":{"a":0,"k":0,"ix":5},"o":{"a":0,"k":100,"ix":7}}]}],"ind":4,"parent":1},{"ty":4,"nm":"mouth","sr":1,"st":0,"op":302.000012300712,"ip":0,"hd":false,"ddd":0,"bm":0,"hasMask":false,"td":1,"ao":0,"ks":{"a":{"a":0,"k":[50.25,25.25,0],"ix":1},"s":{"a":0,"k":[100,100,100],"ix":6},"sk":{"a":0,"k":0},"p":{"a":0,"k":[184.365,147.328,0],"ix":2},"r":{"a":0,"k":-45,"ix":10},"sa":{"a":0,"k":0},"o":{"a":0,"k":100,"ix":11}},"ef":[],"shapes":[{"ty":"gr","bm":0,"hd":false,"mn":"ADBE Vector Group","nm":"Group 1","ix":1,"cix":2,"np":2,"it":[{"ty":"sh","bm":0,"hd":false,"mn":"ADBE Vector Shape - Group","nm":"Path 1","ix":1,"d":1,"ks":{"a":1,"k":[{"o":{"x":0.6,"y":0},"i":{"x":0.833,"y":0.833},"s":[{"c":true,"i":[[0,0],[0,-13.807],[-13.807,0],[0,0],[0,13.807],[13.807,0]],"o":[[-13.807,0],[0,13.807],[0,0],[13.807,0],[0,-13.807],[0,0]],"v":[[-25,-25],[-50,0],[-25,25],[25,25],[50,0],[25,-25]]}],"t":12},{"o":{"x":0.167,"y":0.167},"i":{"x":0.4,"y":1},"s":[{"c":true,"i":[[21.5,10.5],[0,-13.807],[-13.48,5.876],[-17.5,-9.5],[0,13.807],[9.75,-6.796]],"o":[[-12.516,-6.112],[0,13.807],[19.5,-8.5],[12.924,7.016],[0,-13.807],[-16.5,11.5]],"v":[[-30,-35],[-65,0],[-30,35],[30,35],[65,0],[30,-35]]}],"t":20},{"h":1,"o":{"x":0.167,"y":0.167},"i":{"x":0.833,"y":0.833},"s":[{"c":true,"i":[[21.5,10.5],[0,-13.807],[-13.48,5.876],[-17.5,-9.5],[0,13.807],[9.75,-6.796]],"o":[[-12.516,-6.112],[0,13.807],[19.5,-8.5],[12.924,7.016],[0,-13.807],[-16.5,11.5]],"v":[[-30,-25],[-55,0],[-30,25],[30,25],[55,0],[30,-25]]}],"t":27},{"o":{"x":0.167,"y":0.167},"i":{"x":0.833,"y":0.833},"s":[{"c":true,"i":[[21.5,10.5],[0,-13.807],[-13.48,5.876],[-17.5,-9.5],[0,13.807],[9.75,-6.796]],"o":[[-12.516,-6.112],[0,13.807],[19.5,-8.5],[12.924,7.016],[0,-13.807],[-16.5,11.5]],"v":[[-30,-25],[-55,0],[-30,25],[30,25],[55,0],[30,-25]]}],"t":37},{"o":{"x":0.167,"y":0.167},"i":{"x":0.833,"y":0.833},"s":[{"c":true,"i":[[21.5,10.5],[0,-13.807],[-13.48,5.876],[-17.5,-9.5],[0,13.807],[9.75,-6.796]],"o":[[-12.516,-6.112],[0,13.807],[19.5,-8.5],[12.924,7.016],[0,-13.807],[-16.5,11.5]],"v":[[-30,-35],[-65,0],[-30,35],[30,35],[65,0],[30,-35]]}],"t":40},{"o":{"x":0.167,"y":0.167},"i":{"x":0.833,"y":0.833},"s":[{"c":true,"i":[[21.5,10.5],[0,-13.807],[-13.48,5.876],[-17.5,-9.5],[0,13.807],[9.75,-6.796]],"o":[[-12.516,-6.112],[0,13.807],[19.5,-8.5],[12.924,7.016],[0,-13.807],[-16.5,11.5]],"v":[[-30,-22],[-52,0],[-30,22],[30,22],[52,0],[30,-22]]}],"t":43},{"o":{"x":0.167,"y":0.167},"i":{"x":0.833,"y":0.833},"s":[{"c":true,"i":[[21.5,10.5],[0,-13.807],[-13.48,5.876],[-17.5,-9.5],[0,13.807],[9.75,-6.796]],"o":[[-12.516,-6.112],[0,13.807],[19.5,-8.5],[12.924,7.016],[0,-13.807],[-16.5,11.5]],"v":[[-30,-25],[-55,0],[-30,25],[30,25],[55,0],[30,-25]]}],"t":47},{"o":{"x":0.167,"y":0.167},"i":{"x":0.833,"y":0.833},"s":[{"c":true,"i":[[21.5,10.5],[0,-13.807],[-13.48,5.876],[-17.5,-9.5],[0,13.807],[9.75,-6.796]],"o":[[-12.516,-6.112],[0,13.807],[19.5,-8.5],[12.924,7.016],[0,-13.807],[-16.5,11.5]],"v":[[-30,-25],[-55,0],[-30,25],[30,25],[55,0],[30,-25]]}],"t":58},{"o":{"x":0.167,"y":0.167},"i":{"x":0.833,"y":0.833},"s":[{"c":true,"i":[[21.5,10.5],[0,-13.807],[-13.48,5.876],[-17.5,-9.5],[0,13.807],[9.75,-6.796]],"o":[[-12.516,-6.112],[0,13.807],[19.5,-8.5],[12.924,7.016],[0,-13.807],[-16.5,11.5]],"v":[[-30,-35],[-65,0],[-30,35],[30,35],[65,0],[30,-35]]}],"t":61},{"o":{"x":0.167,"y":0.167},"i":{"x":0.833,"y":0.833},"s":[{"c":true,"i":[[21.5,10.5],[0,-13.807],[-13.48,5.876],[-17.5,-9.5],[0,13.807],[9.75,-6.796]],"o":[[-12.516,-6.112],[0,13.807],[19.5,-8.5],[12.924,7.016],[0,-13.807],[-16.5,11.5]],"v":[[-30,-22],[-52,0],[-30,22],[30,22],[52,0],[30,-22]]}],"t":64},{"o":{"x":0.167,"y":0.167},"i":{"x":0.833,"y":0.833},"s":[{"c":true,"i":[[21.5,10.5],[0,-13.807],[-13.48,5.876],[-17.5,-9.5],[0,13.807],[9.75,-6.796]],"o":[[-12.516,-6.112],[0,13.807],[19.5,-8.5],[12.924,7.016],[0,-13.807],[-16.5,11.5]],"v":[[-30,-25],[-55,0],[-30,25],[30,25],[55,0],[30,-25]]}],"t":67},{"o":{"x":0.167,"y":0.167},"i":{"x":0.833,"y":0.833},"s":[{"c":true,"i":[[21.5,10.5],[0,-13.807],[-13.48,5.876],[-17.5,-9.5],[0,13.807],[9.75,-6.796]],"o":[[-12.516,-6.112],[0,13.807],[19.5,-8.5],[12.924,7.016],[0,-13.807],[-16.5,11.5]],"v":[[-30,-35],[-65,0],[-30,35],[30,35],[65,0],[30,-35]]}],"t":69},{"o":{"x":0.167,"y":0.167},"i":{"x":0.833,"y":0.833},"s":[{"c":true,"i":[[21.5,10.5],[0,-13.807],[-13.48,5.876],[-17.5,-9.5],[0,13.807],[9.75,-6.796]],"o":[[-12.516,-6.112],[0,13.807],[19.5,-8.5],[12.924,7.016],[0,-13.807],[-16.5,11.5]],"v":[[-30,-22],[-52,0],[-30,22],[30,22],[52,0],[30,-22]]}],"t":72},{"o":{"x":0.167,"y":0.167},"i":{"x":0.833,"y":0.833},"s":[{"c":true,"i":[[21.5,10.5],[0,-13.807],[-13.48,5.876],[-17.5,-9.5],[0,13.807],[9.75,-6.796]],"o":[[-12.516,-6.112],[0,13.807],[19.5,-8.5],[12.924,7.016],[0,-13.807],[-16.5,11.5]],"v":[[-30,-25],[-55,0],[-30,25],[30,25],[55,0],[30,-25]]}],"t":76},{"o":{"x":0.167,"y":0.167},"i":{"x":0.833,"y":0.833},"s":[{"c":true,"i":[[21.5,10.5],[0,-13.807],[-13.48,5.876],[-17.5,-9.5],[0,13.807],[9.75,-6.796]],"o":[[-12.516,-6.112],[0,13.807],[19.5,-8.5],[12.924,7.016],[0,-13.807],[-16.5,11.5]],"v":[[-30,-25],[-55,0],[-30,25],[30,25],[55,0],[30,-25]]}],"t":90},{"o":{"x":0.167,"y":0.167},"i":{"x":0.833,"y":0.833},"s":[{"c":true,"i":[[21.5,10.5],[0,-13.807],[-13.48,5.876],[-17.5,-9.5],[0,13.807],[9.75,-6.796]],"o":[[-12.516,-6.112],[0,13.807],[19.5,-8.5],[12.924,7.016],[0,-13.807],[-16.5,11.5]],"v":[[-30,-35],[-65,0],[-30,35],[30,35],[65,0],[30,-35]]}],"t":93},{"o":{"x":0.167,"y":0.167},"i":{"x":0.833,"y":0.833},"s":[{"c":true,"i":[[21.5,10.5],[0,-13.807],[-13.48,5.876],[-17.5,-9.5],[0,13.807],[9.75,-6.796]],"o":[[-12.516,-6.112],[0,13.807],[19.5,-8.5],[12.924,7.016],[0,-13.807],[-16.5,11.5]],"v":[[-30,-22],[-52,0],[-30,22],[30,22],[52,0],[30,-22]]}],"t":96},{"o":{"x":0.167,"y":0.167},"i":{"x":0.4,"y":1},"s":[{"c":true,"i":[[21.5,10.5],[0,-13.807],[-13.48,5.876],[-17.5,-9.5],[0,13.807],[9.75,-6.796]],"o":[[-12.516,-6.112],[0,13.807],[19.5,-8.5],[12.924,7.016],[0,-13.807],[-16.5,11.5]],"v":[[-30,-25],[-55,0],[-30,25],[30,25],[55,0],[30,-25]]}],"t":100},{"o":{"x":0.167,"y":0},"i":{"x":0.833,"y":0.833},"s":[{"c":true,"i":[[21.5,10.5],[0,-13.807],[-13.48,5.876],[-17.5,-9.5],[0,13.807],[9.75,-6.796]],"o":[[-12.516,-6.112],[0,13.807],[19.5,-8.5],[12.924,7.016],[0,-13.807],[-16.5,11.5]],"v":[[-30,-25],[-55,0],[-30,25],[30,25],[55,0],[30,-25]]}],"t":130},{"o":{"x":0.167,"y":0.167},"i":{"x":0.833,"y":1},"s":[{"c":true,"i":[[21.5,10.5],[0,-13.807],[-13.48,5.876],[-17.5,-9.5],[0,13.807],[9.75,-6.796]],"o":[[-12.516,-6.112],[0,13.807],[19.5,-8.5],[12.924,7.016],[0,-13.807],[-16.5,11.5]],"v":[[-30,-35],[-65,0],[-30,35],[30,35],[65,0],[30,-35]]}],"t":138},{"s":[{"c":true,"i":[[0,0],[0,-13.807],[-13.807,0],[0,0],[0,13.807],[13.807,0]],"o":[[-13.807,0],[0,13.807],[0,0],[13.807,0],[0,-13.807],[0,0]],"v":[[-25,-25],[-50,0],[-25,25],[25,25],[50,0],[25,-25]]}],"t":146.000005946702}],"ix":2}},{"ty":"fl","bm":0,"hd":false,"mn":"ADBE Vector Graphic - Fill","nm":"Fill 1","c":{"a":0,"k":[1,1,1],"ix":4},"r":1,"o":{"a":0,"k":100,"ix":5}},{"ty":"tr","a":{"a":0,"k":[0,0],"ix":1},"s":{"a":0,"k":[100,100],"ix":3},"sk":{"a":0,"k":0,"ix":4},"p":{"a":0,"k":[50.25,25.25],"ix":2},"r":{"a":0,"k":0,"ix":6},"sa":{"a":0,"k":0,"ix":5},"o":{"a":0,"k":100,"ix":7}}]}],"ind":5,"parent":1},{"ty":4,"nm":"Layer 1 Outlines","sr":1,"st":0,"op":302.000012300712,"ip":0,"hd":false,"ddd":0,"bm":0,"tt":2,"hasMask":false,"ao":0,"ks":{"a":{"a":0,"k":[125.25,175.25,0],"ix":1},"s":{"a":0,"k":[100,100,100],"ix":6},"sk":{"a":0,"k":0},"p":{"a":0,"k":[512.5,500,0],"ix":2},"r":{"a":0,"k":0,"ix":10},"sa":{"a":0,"k":0},"o":{"a":0,"k":100,"ix":11}},"ef":[],"shapes":[{"ty":"sh","bm":0,"hd":false,"mn":"ADBE Vector Shape - Group","nm":"Path 2","ix":1,"d":1,"ks":{"a":1,"k":[{"o":{"x":0.3,"y":0},"i":{"x":0.7,"y":1},"s":[{"c":true,"i":[[0,0],[0,-27.614],[0,0],[-27.614,0],[0,0],[0,0],[0,55.229],[38.951,13.668],[0,20.583],[55.228,0]],"o":[[-27.614,0],[0,0],[0,27.614],[0,0],[0,0],[55.229,0],[0,-43.62],[10.662,-15.902],[0,-55.229],[0,0]],"v":[[50.25,0.25],[0.25,50.25],[0.25,300.25],[50.25,350.25],[100.25,350.25],[150.25,350.25],[250.25,250.25],[183.37,155.865],[200.25,100.25],[100.25,0.25]]}],"t":12},{"o":{"x":0.3,"y":0},"i":{"x":0.7,"y":1},"s":[{"c":true,"i":[[0,0],[0,-27.614],[0,0],[-27.614,0],[0,0],[0,0],[0,55.229],[38.951,13.668],[0,20.583],[55.228,0]],"o":[[-27.614,0],[0,0],[0,27.614],[0,0],[0,0],[55.229,0],[0,-43.62],[10.662,-15.902],[0,-55.229],[0,0]],"v":[[40.25,-9.75],[-9.75,40.25],[0.25,300.25],[50.25,350.25],[100.25,350.25],[150.25,350.25],[250.25,250.25],[193.37,155.865],[210.25,90.25],[110.25,-9.75]]}],"t":18},{"o":{"x":0.3,"y":0},"i":{"x":0.7,"y":1},"s":[{"c":true,"i":[[0,0],[0,-27.614],[0,0],[-27.614,0],[0,0],[0,0],[0,55.229],[38.951,13.668],[0,20.583],[55.228,0]],"o":[[-27.614,0],[0,0],[0,27.614],[0,0],[0,0],[55.229,0],[0,-43.62],[10.662,-15.902],[0,-55.229],[0,0]],"v":[[40.25,-9.75],[-9.75,40.25],[-4.75,300.25],[50.25,350.25],[100.25,350.25],[160.25,350.25],[260.25,250.25],[193.37,155.865],[210.25,90.25],[110.25,-9.75]]}],"t":20},{"o":{"x":0.3,"y":0},"i":{"x":0.7,"y":1},"s":[{"c":true,"i":[[0,0],[0,-27.614],[0,0],[-27.614,0],[0,0],[0,0],[0,55.229],[38.951,13.668],[0,20.583],[55.228,0]],"o":[[-27.614,0],[0,0],[0,27.614],[0,0],[0,0],[55.229,0],[0,-43.62],[10.662,-15.902],[0,-55.229],[0,0]],"v":[[50.25,0.25],[0.25,50.25],[0.25,300.25],[50.25,350.25],[100.25,350.25],[150.25,350.25],[250.25,250.25],[183.37,155.865],[200.25,100.25],[100.25,0.25]]}],"t":27},{"o":{"x":0.3,"y":0},"i":{"x":0.833,"y":0.833},"s":[{"c":true,"i":[[0,0],[0,-27.614],[0,0],[-27.614,0],[0,0],[0,0],[0,55.229],[38.951,13.668],[0,20.583],[55.228,0]],"o":[[-27.614,0],[0,0],[0,27.614],[0,0],[0,0],[55.229,0],[0,-43.62],[10.662,-15.902],[0,-55.229],[0,0]],"v":[[50.25,0.25],[0.25,50.25],[0.25,300.25],[50.25,350.25],[100.25,350.25],[150.25,350.25],[250.25,250.25],[183.37,155.865],[200.25,100.25],[100.25,0.25]]}],"t":35},{"o":{"x":0.167,"y":0.167},"i":{"x":0.7,"y":1},"s":[{"c":true,"i":[[0,0],[0,-27.614],[0,0],[-27.614,0],[0,0],[0,0],[0,55.229],[38.951,13.668],[0,20.583],[55.228,0]],"o":[[-27.614,0],[0,0],[0,27.614],[0,0],[0,0],[55.229,0],[0,-43.62],[10.662,-15.902],[0,-55.229],[0,0]],"v":[[50.25,0.25],[0.25,50.25],[-4.75,300.25],[50.25,350.25],[100.25,350.25],[150.25,350.25],[255.25,250.25],[183.37,152.865],[200.25,100.25],[100.25,0.25]]}],"t":40},{"o":{"x":0.3,"y":0},"i":{"x":0.5,"y":1},"s":[{"c":true,"i":[[0,0],[0,-27.614],[0,0],[-27.614,0],[0,0],[0,0],[0,55.229],[38.951,13.668],[0,20.583],[55.228,0]],"o":[[-27.614,0],[0,0],[0,27.614],[0,0],[0,0],[55.229,0],[0,-43.62],[10.662,-15.902],[0,-55.229],[0,0]],"v":[[50.25,0.25],[0.25,50.25],[0.25,300.25],[50.25,350.25],[100.25,350.25],[150.25,350.25],[250.25,250.25],[183.37,155.865],[200.25,100.25],[100.25,0.25]]}],"t":45},{"o":{"x":0.5,"y":0},"i":{"x":0.5,"y":1},"s":[{"c":true,"i":[[0,0],[0,-27.614],[0,0],[-27.614,0],[0,0],[0,0],[0,55.229],[38.951,13.668],[4.5,19],[55.5,10]],"o":[[-27.614,0],[0,0],[0,27.614],[0,0],[0,0],[55.229,0],[0,-43.62],[18.38,-27.615],[-12.999,-54.884],[0,0]],"v":[[34.25,-5.75],[-15.75,44.25],[0.25,300.25],[50.25,350.25],[100.25,350.25],[150.25,350.25],[238.25,248.25],[173.37,155.865],[187.25,78.25],[88.25,1.25]]}],"t":50},{"o":{"x":0.5,"y":0},"i":{"x":0.5,"y":1},"s":[{"c":true,"i":[[0,0],[0,-27.614],[0,0],[-27.614,0],[0,0],[0,0],[0,55.229],[38.951,13.668],[4.5,19],[55.5,10]],"o":[[-27.614,0],[0,0],[0,27.614],[0,0],[0,0],[55.229,0],[0,-43.62],[18.38,-27.615],[-12.999,-54.884],[0,0]],"v":[[35.25,-4.75],[-14.75,45.25],[0.25,300.25],[50.25,350.25],[100.25,350.25],[150.25,350.25],[238.25,248.25],[173.37,155.865],[187.25,78.25],[88.25,1.25]]}],"t":58},{"o":{"x":0.5,"y":0},"i":{"x":0.5,"y":1},"s":[{"c":true,"i":[[0,0],[0,-27.614],[0,0],[-27.614,0],[0,0],[0,0],[0,55.229],[38.951,13.668],[4.5,19],[55.5,10]],"o":[[-27.614,0],[0,0],[0,27.614],[0,0],[0,0],[55.229,0],[0,-43.62],[18.38,-27.615],[-12.999,-54.884],[0,0]],"v":[[35.25,-4.75],[-14.75,45.25],[-4.75,300.25],[50.25,350.25],[100.25,350.25],[150.25,350.25],[243.25,248.25],[178.37,152.865],[187.25,78.25],[88.25,1.25]]}],"t":61},{"h":1,"o":{"x":0.167,"y":0.167},"i":{"x":0.833,"y":0.833},"s":[{"c":true,"i":[[0,0],[0,-27.614],[0,0],[-27.614,0],[0,0],[0,0],[0,55.229],[38.951,13.668],[4.5,19],[55.5,10]],"o":[[-27.614,0],[0,0],[0,27.614],[0,0],[0,0],[55.229,0],[0,-43.62],[18.38,-27.615],[-12.999,-54.884],[0,0]],"v":[[35.25,-4.75],[-14.75,45.25],[0.25,300.25],[50.25,350.25],[100.25,350.25],[150.25,350.25],[238.25,248.25],[173.37,155.865],[187.25,78.25],[88.25,1.25]]}],"t":64},{"o":{"x":0.5,"y":0},"i":{"x":0.5,"y":1},"s":[{"c":true,"i":[[0,0],[0,-27.614],[0,0],[-27.614,0],[0,0],[0,0],[0,55.229],[38.951,13.668],[4.5,19],[55.5,10]],"o":[[-27.614,0],[0,0],[0,27.614],[0,0],[0,0],[55.229,0],[0,-43.62],[18.38,-27.615],[-12.999,-54.884],[0,0]],"v":[[35.25,-4.75],[-14.75,45.25],[0.25,300.25],[50.25,350.25],[100.25,350.25],[150.25,350.25],[238.25,248.25],[173.37,155.865],[187.25,78.25],[88.25,1.25]]}],"t":67},{"o":{"x":0.5,"y":0},"i":{"x":0.5,"y":1},"s":[{"c":true,"i":[[0,0],[0,-27.614],[0,0],[-27.614,0],[0,0],[0,0],[0,55.229],[38.951,13.668],[4.5,19],[55.5,10]],"o":[[-27.614,0],[0,0],[0,27.614],[0,0],[0,0],[55.229,0],[0,-43.62],[18.38,-27.615],[-12.999,-54.884],[0,0]],"v":[[35.25,-4.75],[-14.75,45.25],[-4.75,300.25],[50.25,350.25],[100.25,350.25],[150.25,350.25],[243.25,248.25],[178.37,152.865],[187.25,78.25],[88.25,1.25]]}],"t":69},{"h":1,"o":{"x":0.167,"y":0.167},"i":{"x":0.833,"y":0.833},"s":[{"c":true,"i":[[0,0],[0,-27.614],[0,0],[-27.614,0],[0,0],[0,0],[0,55.229],[38.951,13.668],[4.5,19],[55.5,10]],"o":[[-27.614,0],[0,0],[0,27.614],[0,0],[0,0],[55.229,0],[0,-43.62],[18.38,-27.615],[-12.999,-54.884],[0,0]],"v":[[35.25,-4.75],[-14.75,45.25],[0.25,300.25],[50.25,350.25],[100.25,350.25],[150.25,350.25],[238.25,248.25],[173.37,155.865],[187.25,78.25],[88.25,1.25]]}],"t":72},{"o":{"x":0.5,"y":0},"i":{"x":0.833,"y":0.833},"s":[{"c":true,"i":[[0,0],[0,-27.614],[0,0],[-27.614,0],[0,0],[0,0],[0,55.229],[38.951,13.668],[4.5,19],[55.5,10]],"o":[[-27.614,0],[0,0],[0,27.614],[0,0],[0,0],[55.229,0],[0,-43.62],[18.38,-27.615],[-12.999,-54.884],[0,0]],"v":[[35.25,-4.75],[-14.75,45.25],[0.25,300.25],[50.25,350.25],[100.25,350.25],[150.25,350.25],[238.25,248.25],[173.37,155.865],[187.25,78.25],[88.25,1.25]]}],"t":76},{"o":{"x":0.167,"y":0.167},"i":{"x":0.833,"y":0.833},"s":[{"c":true,"i":[[0,0],[0,-18],[0,0],[-27.614,0],[0,0],[0,0],[0,55.229],[38.951,13.668],[0,20.583],[55.228,0]],"o":[[-27.614,0],[0,0],[0,27.614],[0,0],[0,0],[55.229,0],[0,-43.62],[10.662,-15.902],[0,-55.229],[0,0]],"v":[[85.25,0.25],[35.25,50.25],[6.25,300.25],[56.25,350.25],[100.25,350.25],[165.25,350.25],[275.25,255.25],[208.37,165.865],[224.25,100.25],[130.25,0.25]]}],"t":81},{"o":{"x":0.167,"y":0.167},"i":{"x":0.833,"y":0.833},"s":[{"c":true,"i":[[0,0],[0,-18],[0,0],[-27.614,0],[0,0],[0,0],[0,55.229],[38.951,13.668],[0,20.583],[55.228,0]],"o":[[-27.614,0],[0,0],[0,27.614],[0,0],[0,0],[55.229,0],[0,-43.62],[10.662,-15.902],[0,-55.229],[0,0]],"v":[[80.25,0.25],[30.25,50.25],[6.25,300.25],[56.25,350.25],[100.25,350.25],[160.25,350.25],[270.25,250.25],[203.37,165.865],[220.25,100.25],[120.25,0.25]]}],"t":87},{"o":{"x":0.167,"y":0.167},"i":{"x":0.833,"y":0.833},"s":[{"c":true,"i":[[0,0],[0,-18],[0,0],[-27.614,0],[0,0],[0,0],[0,55.229],[38.951,13.668],[0,20.583],[55.228,0]],"o":[[-27.614,0],[0,0],[0,27.614],[0,0],[0,0],[55.229,0],[0,-43.62],[10.662,-15.902],[0,-55.229],[0,0]],"v":[[80.25,0.25],[30.25,50.25],[6.25,300.25],[56.25,350.25],[100.25,350.25],[160.25,350.25],[270.25,250.25],[203.37,165.865],[220.25,100.25],[120.25,0.25]]}],"t":90},{"o":{"x":0.167,"y":0.167},"i":{"x":0.833,"y":0.833},"s":[{"c":true,"i":[[0,0],[0,-18],[0,0],[-27.614,0],[0,0],[0,0],[0,55.229],[38.951,13.668],[0,20.583],[55.228,0]],"o":[[-27.614,0],[0,0],[0,27.614],[0,0],[0,0],[55.229,0],[0,-43.62],[10.662,-15.902],[0,-55.229],[0,0]],"v":[[80.25,0.25],[30.25,50.25],[3.25,300.25],[56.25,350.25],[100.25,350.25],[163.25,350.25],[273.25,250.25],[206.37,162.865],[220.25,100.25],[120.25,0.25]]}],"t":93},{"o":{"x":0.167,"y":0.167},"i":{"x":0.833,"y":0.833},"s":[{"c":true,"i":[[0,0],[0,-18],[0,0],[-27.614,0],[0,0],[0,0],[0,55.229],[38.951,13.668],[0,20.583],[55.228,0]],"o":[[-27.614,0],[0,0],[0,27.614],[0,0],[0,0],[55.229,0],[0,-43.62],[10.662,-15.902],[0,-55.229],[0,0]],"v":[[80.25,0.25],[30.25,50.25],[6.25,300.25],[56.25,350.25],[100.25,350.25],[160.25,350.25],[270.25,250.25],[203.37,165.865],[220.25,100.25],[120.25,0.25]]}],"t":96},{"o":{"x":0.167,"y":0.167},"i":{"x":0.7,"y":1},"s":[{"c":true,"i":[[0,0],[0,-18],[0,0],[-27.614,0],[0,0],[0,0],[0,55.229],[38.951,13.668],[0,20.583],[55.228,0]],"o":[[-27.614,0],[0,0],[0,27.614],[0,0],[0,0],[55.229,0],[0,-43.62],[10.662,-15.902],[0,-55.229],[0,0]],"v":[[80.25,0.25],[30.25,50.25],[6.25,300.25],[56.25,350.25],[100.25,350.25],[160.25,350.25],[270.25,250.25],[203.37,165.865],[220.25,100.25],[120.25,0.25]]}],"t":101},{"h":1,"o":{"x":0.167,"y":0.167},"i":{"x":0.833,"y":0.833},"s":[{"c":true,"i":[[0,0],[0,-27.614],[0,0],[-27.614,0],[0,0],[0,0],[0,55.229],[38.951,13.668],[0,20.583],[55.228,0]],"o":[[-27.614,0],[0,0],[0,27.614],[0,0],[0,0],[55.229,0],[0,-43.62],[10.662,-15.902],[0,-55.229],[0,0]],"v":[[50.25,0.25],[0.25,50.25],[0.25,300.25],[50.25,350.25],[100.25,350.25],[150.25,350.25],[250.25,250.25],[183.37,155.865],[200.25,100.25],[100.25,0.25]]}],"t":109},{"o":{"x":0.3,"y":0},"i":{"x":0.7,"y":1},"s":[{"c":true,"i":[[0,0],[0,-27.614],[0,0],[-27.614,0],[0,0],[0,0],[0,55.229],[38.951,13.668],[0,20.583],[55.228,0]],"o":[[-27.614,0],[0,0],[0,27.614],[0,0],[0,0],[55.229,0],[0,-43.62],[10.662,-15.902],[0,-55.229],[0,0]],"v":[[50.25,0.25],[0.25,50.25],[0.25,300.25],[50.25,350.25],[100.25,350.25],[150.25,350.25],[250.25,250.25],[183.37,155.865],[200.25,100.25],[100.25,0.25]]}],"t":125},{"o":{"x":0.3,"y":0},"i":{"x":0.7,"y":1},"s":[{"c":true,"i":[[0,0],[0,-27.614],[0,0],[-27.614,0],[0,0],[0,0],[0,55.229],[38.951,13.668],[0,20.583],[55.228,0]],"o":[[-27.614,0],[0,0],[0,27.614],[0,0],[0,0],[55.229,0],[0,-43.62],[10.662,-15.902],[0,-55.229],[0,0]],"v":[[40.25,-9.75],[-9.75,40.25],[0.25,300.25],[50.25,350.25],[100.25,350.25],[150.25,350.25],[250.25,250.25],[193.37,155.865],[210.25,90.25],[110.25,-9.75]]}],"t":134},{"o":{"x":0.3,"y":0},"i":{"x":0.7,"y":1},"s":[{"c":true,"i":[[0,0],[0,-27.614],[0,0],[-27.614,0],[0,0],[0,0],[0,55.229],[38.951,13.668],[0,20.583],[55.228,0]],"o":[[-27.614,0],[0,0],[0,27.614],[0,0],[0,0],[55.229,0],[0,-43.62],[10.662,-15.902],[0,-55.229],[0,0]],"v":[[40.25,-9.75],[-9.75,40.25],[-4.75,300.25],[50.25,350.25],[100.25,350.25],[160.25,350.25],[260.25,250.25],[193.37,155.865],[210.25,90.25],[110.25,-9.75]]}],"t":138},{"s":[{"c":true,"i":[[0,0],[0,-27.614],[0,0],[-27.614,0],[0,0],[0,0],[0,55.229],[38.951,13.668],[0,20.583],[55.228,0]],"o":[[-27.614,0],[0,0],[0,27.614],[0,0],[0,0],[55.229,0],[0,-43.62],[10.662,-15.902],[0,-55.229],[0,0]],"v":[[50.25,0.25],[0.25,50.25],[0.25,300.25],[50.25,350.25],[100.25,350.25],[150.25,350.25],[250.25,250.25],[183.37,155.865],[200.25,100.25],[100.25,0.25]]}],"t":143.000005824509}],"ix":2}},{"ty":"gf","bm":0,"hd":false,"mn":"ADBE Vector Graphic - G-Fill","nm":"Gradient Fill 1","e":{"a":0,"k":[280,202],"ix":6},"g":{"p":3,"k":{"a":0,"k":[0,0.3254901960784314,0.6274509803921569,0.9921568627450981,0.5,0.25882352941176473,0.3803921568627451,0.8352941176470589,1,0.18823529411764706,0.13725490196078433,0.6823529411764706],"ix":9}},"t":1,"a":{"a":0,"k":0},"h":{"a":0,"k":0},"s":{"a":0,"k":[94,-38],"ix":5},"r":1,"o":{"a":0,"k":100,"ix":10}}],"ind":6},{"ty":3,"nm":"NULL CONTROL","sr":1,"st":0,"op":301.000012259981,"ip":0,"hd":false,"ddd":0,"bm":0,"hasMask":false,"ao":0,"ks":{"a":{"a":0,"k":[60,60,0],"ix":1},"s":{"a":0,"k":[100,100,100],"ix":6},"sk":{"a":0,"k":0},"p":{"a":1,"k":[{"o":{"x":0.3,"y":0},"i":{"x":0.7,"y":1},"s":[512.75,559.806,0],"t":44,"ti":[1.66666662693024,0,0],"to":[-6.16666650772095,1.125,0]},{"o":{"x":0.167,"y":0.167},"i":{"x":0.833,"y":0.833},"s":[502.75,559.806,0],"t":55,"ti":[0,0,0],"to":[0,0,0]},{"o":{"x":0.3,"y":0},"i":{"x":0.7,"y":1},"s":[502.75,559.806,0],"t":70,"ti":[-4.45833349227905,2.5,0],"to":[6.33333349227905,2.5,0]},{"o":{"x":0.167,"y":0.167},"i":{"x":0.833,"y":0.833},"s":[522.75,559.806,0],"t":87,"ti":[0,0,0],"to":[0,0,0]},{"o":{"x":0.3,"y":0},"i":{"x":0.7,"y":1},"s":[522.75,559.806,0],"t":99,"ti":[1.66666662693024,0,0],"to":[-7.29166650772095,2.125,0]},{"s":[512.75,559.806,0],"t":110.000004480392}],"ix":2},"r":{"a":0,"k":0,"ix":10},"sa":{"a":0,"k":0},"o":{"a":0,"k":0,"ix":11}},"ef":[],"ind":7},{"ty":3,"nm":"NULL CONTROL","sr":1,"st":0,"op":301.000012259981,"ip":0,"hd":false,"ddd":0,"bm":0,"hasMask":false,"ao":0,"ks":{"a":{"a":0,"k":[60,60,0],"ix":1},"s":{"a":0,"k":[100,100,100],"ix":6},"sk":{"a":0,"k":0},"p":{"a":0,"k":[60,60,0],"ix":2},"r":{"a":0,"k":0,"ix":10},"sa":{"a":0,"k":0},"o":{"a":0,"k":0,"ix":11}},"ef":[],"ind":8,"parent":7},{"ty":3,"nm":"NULL CONTROL","sr":1,"st":0,"op":301.000012259981,"ip":0,"hd":false,"ddd":0,"bm":0,"hasMask":false,"ao":0,"ks":{"a":{"a":0,"k":[60,60,0],"ix":1},"s":{"a":0,"k":[100,100,100],"ix":6},"sk":{"a":0,"k":0},"p":{"a":1,"k":[{"o":{"x":0.3,"y":0},"i":{"x":0.7,"y":1},"s":[27.5,74.319,0],"t":15,"ti":[0,2.53053832054138,0],"to":[0,-1.05865216255188,0]},{"o":{"x":0.3,"y":0},"i":{"x":0.7,"y":1},"s":[27.5,51.654,0],"t":23,"ti":[0,0.608014523983,0],"to":[0,-1.45336139202118,0]},{"h":1,"o":{"x":0.167,"y":0.167},"i":{"x":0.833,"y":0.833},"s":[27.5,64.319,0],"t":27},{"o":{"x":0.33,"y":0.048},"i":{"x":0.653,"y":1},"s":[27.5,64.319,0],"t":37,"ti":[0,0,0],"to":[0,0,0]},{"o":{"x":0.33,"y":0.03},"i":{"x":0.663,"y":0.999},"s":[27.5,54.319,0],"t":40,"ti":[0,-0.11592026054859,0],"to":[0,0,0]},{"o":{"x":0.335,"y":0.003},"i":{"x":0.66,"y":1},"s":[27.5,70.524,0],"t":43,"ti":[0,0,0],"to":[0,0.02259626239538,0]},{"o":{"x":0.167,"y":0.167},"i":{"x":0.833,"y":0.833},"s":[27.5,64.319,0],"t":47,"ti":[0,0,0],"to":[0,0,0]},{"o":{"x":0.017,"y":0.002},"i":{"x":0.653,"y":1},"s":[27.5,64.319,0],"t":58,"ti":[0,0,0],"to":[0,0,0]},{"o":{"x":0.248,"y":0.022},"i":{"x":0.663,"y":0.999},"s":[27.5,54.319,0],"t":61,"ti":[0,-0.11592026054859,0],"to":[0,0,0]},{"o":{"x":0.327,"y":0.003},"i":{"x":0.66,"y":1},"s":[27.5,70.524,0],"t":64,"ti":[0,0,0],"to":[0,0.00189373083413,0]},{"o":{"x":0.006,"y":0},"i":{"x":0.653,"y":1},"s":[27.5,64.319,0],"t":68,"ti":[0,0,0],"to":[0,0,0]},{"o":{"x":0.256,"y":0.021},"i":{"x":0.663,"y":0.999},"s":[27.5,54.319,0],"t":69,"ti":[0,-0.11592026054859,0],"to":[0,0,0]},{"o":{"x":0.323,"y":0.003},"i":{"x":0.66,"y":1},"s":[27.5,70.524,0],"t":71.666,"ti":[0,0,0],"to":[0,0.00016815237177,0]},{"o":{"x":0.167,"y":0.167},"i":{"x":0.833,"y":0.833},"s":[27.5,64.319,0],"t":75.666,"ti":[0,0,0],"to":[0,0,0]},{"o":{"x":0,"y":0},"i":{"x":0.653,"y":1},"s":[27.5,64.319,0],"t":90,"ti":[0,0,0],"to":[0,0,0]},{"o":{"x":0.287,"y":0.026},"i":{"x":0.663,"y":0.999},"s":[27.5,54.319,0],"t":93,"ti":[0,-0.11592026054859,0],"to":[0,0,0]},{"o":{"x":0.315,"y":0.003},"i":{"x":0.66,"y":1},"s":[27.5,70.524,0],"t":96,"ti":[0,0,0],"to":[0,0.00283985352144,0]},{"o":{"x":0,"y":1},"i":{"x":0.862,"y":1},"s":[27.5,64.319,0],"t":100,"ti":[0,0.00052281562239,0],"to":[0,0,0]},{"o":{"x":0.316,"y":0},"i":{"x":0.653,"y":0.957},"s":[27.5,64.319,0],"t":132,"ti":[0,-0.80853593349457,0],"to":[0,0,0]},{"o":{"x":0.335,"y":0.095},"i":{"x":0.706,"y":1},"s":[27.5,45.651,0],"t":134,"ti":[0,-0.82068490982056,0],"to":[0,2.52885055541992,0]},{"s":[27.5,74.319,0],"t":141.000005743048}],"ix":2},"r":{"a":0,"k":0,"ix":10},"sa":{"a":0,"k":0},"o":{"a":0,"k":0,"ix":11}},"ef":[],"ind":9,"parent":8},{"ty":4,"nm":"Shape Layer 8","sr":1,"st":0,"op":301.000012259981,"ip":0,"hd":false,"ddd":0,"bm":0,"hasMask":false,"ao":0,"ks":{"a":{"a":0,"k":[-32.496,88.872,0],"ix":1},"s":{"a":0,"k":[100,100,100],"ix":6},"sk":{"a":0,"k":0},"p":{"a":0,"k":[24.246,62.003,0],"ix":2},"r":{"a":0,"k":180,"ix":10},"sa":{"a":0,"k":0},"o":{"a":0,"k":100,"ix":11}},"ef":[],"shapes":[{"ty":"gr","bm":0,"hd":false,"mn":"ADBE Vector Group","nm":"Polystar 1","ix":1,"cix":2,"np":3,"it":[{"ty":"sr","bm":0,"hd":false,"mn":"ADBE Vector Shape - Star","nm":"Polystar Path 1","ix":1,"d":1,"ir":{"a":0,"k":33.301,"ix":6},"is":{"a":0,"k":0,"ix":8},"pt":{"a":0,"k":3,"ix":3},"p":{"a":0,"k":[0,0],"ix":4},"or":{"a":0,"k":66.603,"ix":7},"os":{"a":0,"k":0,"ix":9},"r":{"a":0,"k":0,"ix":5},"sy":1},{"ty":"st","bm":0,"hd":false,"mn":"ADBE Vector Graphic - Stroke","nm":"Stroke 1","lc":1,"lj":1,"ml":4,"o":{"a":0,"k":100,"ix":4},"w":{"a":0,"k":0,"ix":5},"c":{"a":0,"k":[0,0,0],"ix":3}},{"ty":"fl","bm":0,"hd":false,"mn":"ADBE Vector Graphic - Fill","nm":"Fill 1","c":{"a":0,"k":[1,1,1],"ix":4},"r":1,"o":{"a":0,"k":100,"ix":5}},{"ty":"tr","a":{"a":0,"k":[0,0],"ix":1},"s":{"a":0,"k":[29.932,29.932],"ix":3},"sk":{"a":0,"k":0,"ix":4},"p":{"a":0,"k":[-32.496,93.855],"ix":2},"r":{"a":0,"k":0,"ix":6},"sa":{"a":0,"k":0,"ix":5},"o":{"a":0,"k":100,"ix":7}}]}],"ind":10,"parent":9},{"ty":4,"nm":"Shape Layer 7","sr":1,"st":0,"op":301.000012259981,"ip":0,"hd":false,"ddd":0,"bm":0,"hasMask":false,"ao":0,"ks":{"a":{"a":0,"k":[-32.496,88.872,0],"ix":1},"s":{"a":0,"k":[100,100,100],"ix":6},"sk":{"a":0,"k":0},"p":{"a":0,"k":[58.413,62.003,0],"ix":2},"r":{"a":0,"k":180,"ix":10},"sa":{"a":0,"k":0},"o":{"a":0,"k":100,"ix":11}},"ef":[],"shapes":[{"ty":"gr","bm":0,"hd":false,"mn":"ADBE Vector Group","nm":"Polystar 1","ix":1,"cix":2,"np":3,"it":[{"ty":"sr","bm":0,"hd":false,"mn":"ADBE Vector Shape - Star","nm":"Polystar Path 1","ix":1,"d":1,"ir":{"a":0,"k":33.301,"ix":6},"is":{"a":0,"k":0,"ix":8},"pt":{"a":0,"k":3,"ix":3},"p":{"a":0,"k":[0,0],"ix":4},"or":{"a":0,"k":66.603,"ix":7},"os":{"a":0,"k":0,"ix":9},"r":{"a":0,"k":0,"ix":5},"sy":1},{"ty":"st","bm":0,"hd":false,"mn":"ADBE Vector Graphic - Stroke","nm":"Stroke 1","lc":1,"lj":1,"ml":4,"o":{"a":0,"k":100,"ix":4},"w":{"a":0,"k":0,"ix":5},"c":{"a":0,"k":[0,0,0],"ix":3}},{"ty":"fl","bm":0,"hd":false,"mn":"ADBE Vector Graphic - Fill","nm":"Fill 1","c":{"a":0,"k":[1,1,1],"ix":4},"r":1,"o":{"a":0,"k":100,"ix":5}},{"ty":"tr","a":{"a":0,"k":[0,0],"ix":1},"s":{"a":0,"k":[29.932,29.932],"ix":3},"sk":{"a":0,"k":0,"ix":4},"p":{"a":0,"k":[-32.496,93.855],"ix":2},"r":{"a":0,"k":0,"ix":6},"sa":{"a":0,"k":0,"ix":5},"o":{"a":0,"k":100,"ix":7}}]}],"ind":11,"parent":9},{"ty":4,"nm":"Shape Layer 6","sr":1,"st":0,"op":301.000012259981,"ip":0,"hd":false,"ddd":0,"bm":0,"hasMask":false,"ao":0,"ks":{"a":{"a":0,"k":[-32.496,88.872,0],"ix":1},"s":{"a":0,"k":[100,100,100],"ix":6},"sk":{"a":0,"k":0},"p":{"a":0,"k":[92.579,62.003,0],"ix":2},"r":{"a":0,"k":180,"ix":10},"sa":{"a":0,"k":0},"o":{"a":0,"k":100,"ix":11}},"ef":[],"shapes":[{"ty":"gr","bm":0,"hd":false,"mn":"ADBE Vector Group","nm":"Polystar 1","ix":1,"cix":2,"np":3,"it":[{"ty":"sr","bm":0,"hd":false,"mn":"ADBE Vector Shape - Star","nm":"Polystar Path 1","ix":1,"d":1,"ir":{"a":0,"k":33.301,"ix":6},"is":{"a":0,"k":0,"ix":8},"pt":{"a":0,"k":3,"ix":3},"p":{"a":0,"k":[0,0],"ix":4},"or":{"a":0,"k":66.603,"ix":7},"os":{"a":0,"k":0,"ix":9},"r":{"a":0,"k":0,"ix":5},"sy":1},{"ty":"st","bm":0,"hd":false,"mn":"ADBE Vector Graphic - Stroke","nm":"Stroke 1","lc":1,"lj":1,"ml":4,"o":{"a":0,"k":100,"ix":4},"w":{"a":0,"k":0,"ix":5},"c":{"a":0,"k":[0,0,0],"ix":3}},{"ty":"fl","bm":0,"hd":false,"mn":"ADBE Vector Graphic - Fill","nm":"Fill 1","c":{"a":0,"k":[1,1,1],"ix":4},"r":1,"o":{"a":0,"k":100,"ix":5}},{"ty":"tr","a":{"a":0,"k":[0,0],"ix":1},"s":{"a":0,"k":[29.932,29.932],"ix":3},"sk":{"a":0,"k":0,"ix":4},"p":{"a":0,"k":[-32.496,93.855],"ix":2},"r":{"a":0,"k":0,"ix":6},"sa":{"a":0,"k":0,"ix":5},"o":{"a":0,"k":100,"ix":7}}]}],"ind":12,"parent":9},{"ty":4,"nm":"Shape Layer 5","sr":1,"st":0,"op":301.000012259981,"ip":0,"hd":false,"ddd":0,"bm":0,"hasMask":false,"ao":0,"ks":{"a":{"a":0,"k":[-32.496,88.872,0],"ix":1},"s":{"a":0,"k":[100,100,100],"ix":6},"sk":{"a":0,"k":0},"p":{"a":0,"k":[126.746,62.003,0],"ix":2},"r":{"a":0,"k":180,"ix":10},"sa":{"a":0,"k":0},"o":{"a":0,"k":100,"ix":11}},"ef":[],"shapes":[{"ty":"gr","bm":0,"hd":false,"mn":"ADBE Vector Group","nm":"Polystar 1","ix":1,"cix":2,"np":3,"it":[{"ty":"sr","bm":0,"hd":false,"mn":"ADBE Vector Shape - Star","nm":"Polystar Path 1","ix":1,"d":1,"ir":{"a":0,"k":33.301,"ix":6},"is":{"a":0,"k":0,"ix":8},"pt":{"a":0,"k":3,"ix":3},"p":{"a":0,"k":[0,0],"ix":4},"or":{"a":0,"k":66.603,"ix":7},"os":{"a":0,"k":0,"ix":9},"r":{"a":0,"k":0,"ix":5},"sy":1},{"ty":"st","bm":0,"hd":false,"mn":"ADBE Vector Graphic - Stroke","nm":"Stroke 1","lc":1,"lj":1,"ml":4,"o":{"a":0,"k":100,"ix":4},"w":{"a":0,"k":0,"ix":5},"c":{"a":0,"k":[0,0,0],"ix":3}},{"ty":"fl","bm":0,"hd":false,"mn":"ADBE Vector Graphic - Fill","nm":"Fill 1","c":{"a":0,"k":[1,1,1],"ix":4},"r":1,"o":{"a":0,"k":100,"ix":5}},{"ty":"tr","a":{"a":0,"k":[0,0],"ix":1},"s":{"a":0,"k":[29.932,29.932],"ix":3},"sk":{"a":0,"k":0,"ix":4},"p":{"a":0,"k":[-32.496,93.855],"ix":2},"r":{"a":0,"k":0,"ix":6},"sa":{"a":0,"k":0,"ix":5},"o":{"a":0,"k":100,"ix":7}}]}],"ind":13,"parent":9},{"ty":4,"nm":"Shape Layer 9","sr":1,"st":0,"op":301.000012259981,"ip":0,"hd":false,"ddd":0,"bm":0,"hasMask":false,"ao":0,"ks":{"a":{"a":0,"k":[-32.496,88.872,0],"ix":1},"s":{"a":0,"k":[100,100,100],"ix":6},"sk":{"a":0,"k":0},"p":{"a":0,"k":[160.746,62.003,0],"ix":2},"r":{"a":0,"k":180,"ix":10},"sa":{"a":0,"k":0},"o":{"a":0,"k":100,"ix":11}},"ef":[],"shapes":[{"ty":"gr","bm":0,"hd":false,"mn":"ADBE Vector Group","nm":"Polystar 1","ix":1,"cix":2,"np":3,"it":[{"ty":"sr","bm":0,"hd":false,"mn":"ADBE Vector Shape - Star","nm":"Polystar Path 1","ix":1,"d":1,"ir":{"a":0,"k":33.301,"ix":6},"is":{"a":0,"k":0,"ix":8},"pt":{"a":0,"k":3,"ix":3},"p":{"a":0,"k":[0,0],"ix":4},"or":{"a":0,"k":66.603,"ix":7},"os":{"a":0,"k":0,"ix":9},"r":{"a":0,"k":0,"ix":5},"sy":1},{"ty":"st","bm":0,"hd":false,"mn":"ADBE Vector Graphic - Stroke","nm":"Stroke 1","lc":1,"lj":1,"ml":4,"o":{"a":0,"k":100,"ix":4},"w":{"a":0,"k":0,"ix":5},"c":{"a":0,"k":[0,0,0],"ix":3}},{"ty":"fl","bm":0,"hd":false,"mn":"ADBE Vector Graphic - Fill","nm":"Fill 1","c":{"a":0,"k":[1,1,1],"ix":4},"r":1,"o":{"a":0,"k":100,"ix":5}},{"ty":"tr","a":{"a":0,"k":[0,0],"ix":1},"s":{"a":0,"k":[29.932,29.932],"ix":3},"sk":{"a":0,"k":0,"ix":4},"p":{"a":0,"k":[-32.496,93.855],"ix":2},"r":{"a":0,"k":0,"ix":6},"sa":{"a":0,"k":0,"ix":5},"o":{"a":0,"k":100,"ix":7}}]}],"ind":14,"parent":9},{"ty":4,"nm":"Shape Layer 10","sr":1,"st":0,"op":301.000012259981,"ip":0,"hd":false,"ddd":0,"bm":0,"hasMask":false,"ao":0,"ks":{"a":{"a":0,"k":[0,0,0],"ix":1},"s":{"a":0,"k":[100,100,100],"ix":6},"sk":{"a":0,"k":0},"p":{"a":0,"k":[79.75,-30.625,0],"ix":2},"r":{"a":0,"k":0,"ix":10},"sa":{"a":0,"k":0},"o":{"a":0,"k":100,"ix":11}},"ef":[],"shapes":[{"ty":"gr","bm":0,"hd":false,"mn":"ADBE Vector Group","nm":"Rectangle 1","ix":1,"cix":2,"np":3,"it":[{"ty":"rc","bm":0,"hd":false,"mn":"ADBE Vector Shape - Rect","nm":"Rectangle Path 1","d":1,"p":{"a":0,"k":[0,0],"ix":3},"r":{"a":0,"k":0,"ix":4},"s":{"a":0,"k":[178.549,26.934],"ix":2}},{"ty":"st","bm":0,"hd":false,"mn":"ADBE Vector Graphic - Stroke","nm":"Stroke 1","lc":1,"lj":1,"ml":4,"o":{"a":0,"k":100,"ix":4},"w":{"a":0,"k":0,"ix":5},"c":{"a":0,"k":[0,0,0],"ix":3}},{"ty":"fl","bm":0,"hd":false,"mn":"ADBE Vector Graphic - Fill","nm":"Fill 1","c":{"a":0,"k":[1,1,1],"ix":4},"r":1,"o":{"a":0,"k":100,"ix":5}},{"ty":"tr","a":{"a":0,"k":[0,0],"ix":1},"s":{"a":0,"k":[100,100],"ix":3},"sk":{"a":0,"k":0,"ix":4},"p":{"a":0,"k":[15.024,64.717],"ix":2},"r":{"a":0,"k":0,"ix":6},"sa":{"a":0,"k":0,"ix":5},"o":{"a":0,"k":100,"ix":7}}]}],"ind":15,"parent":9},{"ty":3,"nm":"NULL CONTROL","sr":1,"st":0,"op":301.000012259981,"ip":0,"hd":false,"ddd":0,"bm":0,"hasMask":false,"ao":0,"ks":{"a":{"a":0,"k":[60,60,0],"ix":1},"s":{"a":0,"k":[100,100,100],"ix":6},"sk":{"a":0,"k":0},"p":{"a":1,"k":[{"o":{"x":0.3,"y":0},"i":{"x":0.7,"y":1},"s":[92.5,45.053,0],"t":15,"ti":[0,-2.53053832054138,0],"to":[0,1.05865216255188,0]},{"o":{"x":0.3,"y":0},"i":{"x":0.7,"y":1},"s":[92.5,67.718,0],"t":23,"ti":[0,-0.608014523983,0],"to":[0,1.45336139202118,0]},{"h":1,"o":{"x":0.167,"y":0.167},"i":{"x":0.833,"y":0.833},"s":[92.5,55.053,0],"t":27},{"o":{"x":0.33,"y":0.04},"i":{"x":0.653,"y":1},"s":[92.5,55.053,0],"t":37,"ti":[0,0,0],"to":[0,0,0]},{"o":{"x":0.33,"y":0.027},"i":{"x":0.663,"y":0.999},"s":[92.5,67.053,0],"t":40,"ti":[0,0.11592026054859,0],"to":[0,0,0]},{"o":{"x":0.335,"y":0.003},"i":{"x":0.66,"y":1},"s":[92.5,48.848,0],"t":43,"ti":[0,0,0],"to":[0,-0.02259626239538,0]},{"o":{"x":0.167,"y":0.167},"i":{"x":0.833,"y":0.833},"s":[92.5,55.053,0],"t":47,"ti":[0,0,0],"to":[0,0,0]},{"o":{"x":0.017,"y":0.002},"i":{"x":0.653,"y":1},"s":[92.5,55.053,0],"t":58,"ti":[0,0,0],"to":[0,0,0]},{"o":{"x":0.292,"y":0.024},"i":{"x":0.663,"y":0.999},"s":[92.5,67.053,0],"t":61,"ti":[0,0.11592026054859,0],"to":[0,0,0]},{"o":{"x":0.327,"y":0.003},"i":{"x":0.66,"y":1},"s":[92.5,48.848,0],"t":64,"ti":[0,0,0],"to":[0,-0.00187151262071,0]},{"o":{"x":0.007,"y":0},"i":{"x":0.653,"y":1},"s":[92.5,55.053,0],"t":68,"ti":[0,0,0],"to":[0,0,0]},{"o":{"x":0.299,"y":0.021},"i":{"x":0.663,"y":0.999},"s":[92.5,67.053,0],"t":69,"ti":[0,0.11592026054859,0],"to":[0,0,0]},{"o":{"x":0.324,"y":0.003},"i":{"x":0.66,"y":1},"s":[92.5,48.848,0],"t":71.666,"ti":[0,0,0],"to":[0,-0.00016634105123,0]},{"o":{"x":0.167,"y":0.167},"i":{"x":0.833,"y":0.833},"s":[92.5,55.053,0],"t":75.666,"ti":[0,0,0],"to":[0,0,0]},{"o":{"x":0,"y":0},"i":{"x":0.653,"y":1},"s":[92.5,55.053,0],"t":90,"ti":[0,0,0],"to":[0,0,0]},{"o":{"x":0.321,"y":0.026},"i":{"x":0.663,"y":0.999},"s":[92.5,67.053,0],"t":93,"ti":[0,0.11592026054859,0],"to":[0,0,0]},{"o":{"x":0.316,"y":0.003},"i":{"x":0.66,"y":1},"s":[92.5,48.848,0],"t":96,"ti":[0,0,0],"to":[0,-0.00284550525248,0]},{"o":{"x":0,"y":1},"i":{"x":0.854,"y":1},"s":[92.5,55.053,0],"t":100,"ti":[0,-0.00061225658283,0],"to":[0,0,0]},{"o":{"x":0.316,"y":0},"i":{"x":0.653,"y":0.961},"s":[92.5,55.053,0],"t":132,"ti":[0,0.80853593349457,0],"to":[0,0,0]},{"o":{"x":0.335,"y":0.089},"i":{"x":0.706,"y":1},"s":[92.5,75.721,0],"t":134,"ti":[0,0.82068490982056,0],"to":[0,-2.52885055541992,0]},{"s":[92.5,45.053,0],"t":141.000005743048}],"ix":2},"r":{"a":0,"k":0,"ix":10},"sa":{"a":0,"k":0},"o":{"a":0,"k":0,"ix":11}},"ef":[],"ind":16,"parent":8},{"ty":4,"nm":"Shape Layer 4","sr":1,"st":0,"op":301.000012259981,"ip":0,"hd":false,"ddd":0,"bm":0,"hasMask":false,"ao":0,"ks":{"a":{"a":0,"k":[-32.496,88.872,0],"ix":1},"s":{"a":0,"k":[100,100,100],"ix":6},"sk":{"a":0,"k":0},"p":{"a":0,"k":[78.754,90.513,0],"ix":2},"r":{"a":0,"k":0,"ix":10},"sa":{"a":0,"k":0},"o":{"a":0,"k":100,"ix":11}},"ef":[],"shapes":[{"ty":"gr","bm":0,"hd":false,"mn":"ADBE Vector Group","nm":"Polystar 1","ix":1,"cix":2,"np":3,"it":[{"ty":"sr","bm":0,"hd":false,"mn":"ADBE Vector Shape - Star","nm":"Polystar Path 1","ix":1,"d":1,"ir":{"a":0,"k":33.301,"ix":6},"is":{"a":0,"k":0,"ix":8},"pt":{"a":0,"k":3,"ix":3},"p":{"a":0,"k":[0,0],"ix":4},"or":{"a":0,"k":66.603,"ix":7},"os":{"a":0,"k":0,"ix":9},"r":{"a":0,"k":0,"ix":5},"sy":1},{"ty":"st","bm":0,"hd":false,"mn":"ADBE Vector Graphic - Stroke","nm":"Stroke 1","lc":1,"lj":1,"ml":4,"o":{"a":0,"k":100,"ix":4},"w":{"a":0,"k":0,"ix":5},"c":{"a":0,"k":[0,0,0],"ix":3}},{"ty":"fl","bm":0,"hd":false,"mn":"ADBE Vector Graphic - Fill","nm":"Fill 1","c":{"a":0,"k":[1,1,1],"ix":4},"r":1,"o":{"a":0,"k":100,"ix":5}},{"ty":"tr","a":{"a":0,"k":[0,0],"ix":1},"s":{"a":0,"k":[29.932,29.932],"ix":3},"sk":{"a":0,"k":0,"ix":4},"p":{"a":0,"k":[-32.496,93.855],"ix":2},"r":{"a":0,"k":0,"ix":6},"sa":{"a":0,"k":0,"ix":5},"o":{"a":0,"k":100,"ix":7}}]}],"ind":17,"parent":16},{"ty":4,"nm":"Shape Layer 3","sr":1,"st":0,"op":301.000012259981,"ip":0,"hd":false,"ddd":0,"bm":0,"hasMask":false,"ao":0,"ks":{"a":{"a":0,"k":[-32.496,88.872,0],"ix":1},"s":{"a":0,"k":[100,100,100],"ix":6},"sk":{"a":0,"k":0},"p":{"a":0,"k":[44.587,90.513,0],"ix":2},"r":{"a":0,"k":0,"ix":10},"sa":{"a":0,"k":0},"o":{"a":0,"k":100,"ix":11}},"ef":[],"shapes":[{"ty":"gr","bm":0,"hd":false,"mn":"ADBE Vector Group","nm":"Polystar 1","ix":1,"cix":2,"np":3,"it":[{"ty":"sr","bm":0,"hd":false,"mn":"ADBE Vector Shape - Star","nm":"Polystar Path 1","ix":1,"d":1,"ir":{"a":0,"k":33.301,"ix":6},"is":{"a":0,"k":0,"ix":8},"pt":{"a":0,"k":3,"ix":3},"p":{"a":0,"k":[0,0],"ix":4},"or":{"a":0,"k":66.603,"ix":7},"os":{"a":0,"k":0,"ix":9},"r":{"a":0,"k":0,"ix":5},"sy":1},{"ty":"st","bm":0,"hd":false,"mn":"ADBE Vector Graphic - Stroke","nm":"Stroke 1","lc":1,"lj":1,"ml":4,"o":{"a":0,"k":100,"ix":4},"w":{"a":0,"k":0,"ix":5},"c":{"a":0,"k":[0,0,0],"ix":3}},{"ty":"fl","bm":0,"hd":false,"mn":"ADBE Vector Graphic - Fill","nm":"Fill 1","c":{"a":0,"k":[1,1,1],"ix":4},"r":1,"o":{"a":0,"k":100,"ix":5}},{"ty":"tr","a":{"a":0,"k":[0,0],"ix":1},"s":{"a":0,"k":[29.932,29.932],"ix":3},"sk":{"a":0,"k":0,"ix":4},"p":{"a":0,"k":[-32.496,93.855],"ix":2},"r":{"a":0,"k":0,"ix":6},"sa":{"a":0,"k":0,"ix":5},"o":{"a":0,"k":100,"ix":7}}]}],"ind":18,"parent":16},{"ty":4,"nm":"Shape Layer 2","sr":1,"st":0,"op":301.000012259981,"ip":0,"hd":false,"ddd":0,"bm":0,"hasMask":false,"ao":0,"ks":{"a":{"a":0,"k":[-32.496,88.872,0],"ix":1},"s":{"a":0,"k":[100,100,100],"ix":6},"sk":{"a":0,"k":0},"p":{"a":0,"k":[10.421,90.513,0],"ix":2},"r":{"a":0,"k":0,"ix":10},"sa":{"a":0,"k":0},"o":{"a":0,"k":100,"ix":11}},"ef":[],"shapes":[{"ty":"gr","bm":0,"hd":false,"mn":"ADBE Vector Group","nm":"Polystar 1","ix":1,"cix":2,"np":3,"it":[{"ty":"sr","bm":0,"hd":false,"mn":"ADBE Vector Shape - Star","nm":"Polystar Path 1","ix":1,"d":1,"ir":{"a":0,"k":33.301,"ix":6},"is":{"a":0,"k":0,"ix":8},"pt":{"a":0,"k":3,"ix":3},"p":{"a":0,"k":[0,0],"ix":4},"or":{"a":0,"k":66.603,"ix":7},"os":{"a":0,"k":0,"ix":9},"r":{"a":0,"k":0,"ix":5},"sy":1},{"ty":"st","bm":0,"hd":false,"mn":"ADBE Vector Graphic - Stroke","nm":"Stroke 1","lc":1,"lj":1,"ml":4,"o":{"a":0,"k":100,"ix":4},"w":{"a":0,"k":0,"ix":5},"c":{"a":0,"k":[0,0,0],"ix":3}},{"ty":"fl","bm":0,"hd":false,"mn":"ADBE Vector Graphic - Fill","nm":"Fill 1","c":{"a":0,"k":[1,1,1],"ix":4},"r":1,"o":{"a":0,"k":100,"ix":5}},{"ty":"tr","a":{"a":0,"k":[0,0],"ix":1},"s":{"a":0,"k":[29.932,29.932],"ix":3},"sk":{"a":0,"k":0,"ix":4},"p":{"a":0,"k":[-32.496,93.855],"ix":2},"r":{"a":0,"k":0,"ix":6},"sa":{"a":0,"k":0,"ix":5},"o":{"a":0,"k":100,"ix":7}}]}],"ind":19,"parent":16},{"ty":4,"nm":"Shape Layer 1","sr":1,"st":0,"op":301.000012259981,"ip":0,"hd":false,"ddd":0,"bm":0,"hasMask":false,"ao":0,"ks":{"a":{"a":0,"k":[-32.496,88.872,0],"ix":1},"s":{"a":0,"k":[100,100,100],"ix":6},"sk":{"a":0,"k":0},"p":{"a":0,"k":[-23.746,90.513,0],"ix":2},"r":{"a":0,"k":0,"ix":10},"sa":{"a":0,"k":0},"o":{"a":0,"k":100,"ix":11}},"ef":[],"shapes":[{"ty":"gr","bm":0,"hd":false,"mn":"ADBE Vector Group","nm":"Polystar 1","ix":1,"cix":2,"np":3,"it":[{"ty":"sr","bm":0,"hd":false,"mn":"ADBE Vector Shape - Star","nm":"Polystar Path 1","ix":1,"d":1,"ir":{"a":0,"k":33.301,"ix":6},"is":{"a":0,"k":0,"ix":8},"pt":{"a":0,"k":3,"ix":3},"p":{"a":0,"k":[0,0],"ix":4},"or":{"a":0,"k":66.603,"ix":7},"os":{"a":0,"k":0,"ix":9},"r":{"a":0,"k":0,"ix":5},"sy":1},{"ty":"st","bm":0,"hd":false,"mn":"ADBE Vector Graphic - Stroke","nm":"Stroke 1","lc":1,"lj":1,"ml":4,"o":{"a":0,"k":100,"ix":4},"w":{"a":0,"k":0,"ix":5},"c":{"a":0,"k":[0,0,0],"ix":3}},{"ty":"fl","bm":0,"hd":false,"mn":"ADBE Vector Graphic - Fill","nm":"Fill 1","c":{"a":0,"k":[1,1,1],"ix":4},"r":1,"o":{"a":0,"k":100,"ix":5}},{"ty":"tr","a":{"a":0,"k":[0,0],"ix":1},"s":{"a":0,"k":[29.932,29.932],"ix":3},"sk":{"a":0,"k":0,"ix":4},"p":{"a":0,"k":[-32.496,93.855],"ix":2},"r":{"a":0,"k":0,"ix":6},"sa":{"a":0,"k":0,"ix":5},"o":{"a":0,"k":100,"ix":7}}]}],"ind":20,"parent":16},{"ty":4,"nm":"Shape Layer 11","sr":1,"st":0,"op":301.000012259981,"ip":0,"hd":false,"ddd":0,"bm":0,"hasMask":false,"ao":0,"ks":{"a":{"a":0,"k":[15.024,64.717,0],"ix":1},"s":{"a":0,"k":[100,100,100],"ix":6},"sk":{"a":0,"k":0},"p":{"a":0,"k":[29.774,118.108,0],"ix":2},"r":{"a":0,"k":0,"ix":10},"sa":{"a":0,"k":0},"o":{"a":0,"k":100,"ix":11}},"ef":[],"shapes":[{"ty":"gr","bm":0,"hd":false,"mn":"ADBE Vector Group","nm":"Rectangle 1","ix":1,"cix":2,"np":3,"it":[{"ty":"rc","bm":0,"hd":false,"mn":"ADBE Vector Shape - Rect","nm":"Rectangle Path 1","d":1,"p":{"a":0,"k":[0,0],"ix":3},"r":{"a":0,"k":0,"ix":4},"s":{"a":0,"k":[178.549,26.934],"ix":2}},{"ty":"st","bm":0,"hd":false,"mn":"ADBE Vector Graphic - Stroke","nm":"Stroke 1","lc":1,"lj":1,"ml":4,"o":{"a":0,"k":100,"ix":4},"w":{"a":0,"k":0,"ix":5},"c":{"a":0,"k":[0,0,0],"ix":3}},{"ty":"fl","bm":0,"hd":false,"mn":"ADBE Vector Graphic - Fill","nm":"Fill 1","c":{"a":0,"k":[1,1,1],"ix":4},"r":1,"o":{"a":0,"k":100,"ix":5}},{"ty":"tr","a":{"a":0,"k":[0,0],"ix":1},"s":{"a":0,"k":[100,100],"ix":3},"sk":{"a":0,"k":0,"ix":4},"p":{"a":0,"k":[15.024,64.717],"ix":2},"r":{"a":0,"k":0,"ix":6},"sa":{"a":0,"k":0,"ix":5},"o":{"a":0,"k":100,"ix":7}}]}],"ind":21,"parent":16},{"ty":4,"nm":"Shape Layer 12","sr":1,"st":0,"op":301.000012259981,"ip":0,"hd":false,"ddd":0,"bm":0,"hasMask":false,"ao":0,"ks":{"a":{"a":0,"k":[0,0,0],"ix":1},"s":{"a":1,"k":[{"h":1,"o":{"x":0.167,"y":0.167},"i":{"x":0.833,"y":0.833},"s":[75,100,100],"t":40},{"s":[95,100,100],"t":79.000003217736}],"ix":6},"sk":{"a":0,"k":0},"p":{"a":0,"k":[500,500,0],"ix":2},"r":{"a":0,"k":0,"ix":10},"sa":{"a":0,"k":0},"o":{"a":0,"k":100,"ix":11}},"ef":[],"shapes":[{"ty":"gr","bm":0,"hd":false,"mn":"ADBE Vector Group","nm":"Rectangle 1","ix":1,"cix":2,"np":3,"it":[{"ty":"rc","bm":0,"hd":false,"mn":"ADBE Vector Shape - Rect","nm":"Rectangle Path 1","d":1,"p":{"a":0,"k":[0,0],"ix":3},"r":{"a":0,"k":0,"ix":4},"s":{"a":0,"k":[206.154,131.367],"ix":2}},{"ty":"st","bm":0,"hd":false,"mn":"ADBE Vector Graphic - Stroke","nm":"Stroke 1","lc":1,"lj":1,"ml":4,"o":{"a":0,"k":100,"ix":4},"w":{"a":0,"k":0,"ix":5},"c":{"a":0,"k":[0,0,0],"ix":3}},{"ty":"fl","bm":0,"hd":false,"mn":"ADBE Vector Graphic - Fill","nm":"Fill 1","c":{"a":0,"k":[0,0,0],"ix":4},"r":1,"o":{"a":0,"k":100,"ix":5}},{"ty":"tr","a":{"a":0,"k":[0,0],"ix":1},"s":{"a":0,"k":[100,100],"ix":3},"sk":{"a":0,"k":0,"ix":4},"p":{"a":0,"k":[7.077,75.184],"ix":2},"r":{"a":0,"k":0,"ix":6},"sa":{"a":0,"k":0,"ix":5},"o":{"a":0,"k":100,"ix":7}}]}],"ind":22}],"v":"4.10.1","fr":29.9700012207031,"op":180.00000733155,"ip":0,"assets":[]}